timeStamp,elapsed,label,responseCode,responseMessage,threadName,dataType,success,failureMessage,bytes,sentBytes,grpThreads,allThreads,URL,Latency,IdleTime,Connect
1598710616904,350,search_querylayerbytemplate,200,,GSV测试 1-1,text,true,,793459,173,1,1,http://localhost:8080/search/querylayerbytemplate?id=1&pageNum=1&pageSize=40,338,0,34
1598710617258,329,search_querylayerbytemplate,200,,GSV测试 1-1,text,true,,793459,173,1,1,http://localhost:8080/search/querylayerbytemplate?id=1&pageNum=1&pageSize=40,320,0,0
1598710617588,260,search_querylayerbytemplate,200,,GSV测试 1-1,text,true,,793459,173,1,1,http://localhost:8080/search/querylayerbytemplate?id=1&pageNum=1&pageSize=40,253,0,0
1598710617848,254,search_querylayerbytemplate,200,,GSV测试 1-1,text,true,,793459,173,1,1,http://localhost:8080/search/querylayerbytemplate?id=1&pageNum=1&pageSize=40,249,0,0
1598710618102,301,search_querylayerbytemplate,200,,GSV测试 1-1,text,true,,793459,173,1,1,http://localhost:8080/search/querylayerbytemplate?id=1&pageNum=1&pageSize=40,290,0,0
1598710618404,248,search_querylayerbytemplate,200,,GSV测试 1-1,text,true,,793459,173,1,1,http://localhost:8080/search/querylayerbytemplate?id=1&pageNum=1&pageSize=40,242,0,0
1598710618652,218,search_querylayerbytemplate,200,,GSV测试 1-1,text,true,,793459,173,1,1,http://localhost:8080/search/querylayerbytemplate?id=1&pageNum=1&pageSize=40,214,0,0
1598710618870,228,search_querylayerbytemplate,200,,GSV测试 1-1,text,true,,793459,173,1,1,http://localhost:8080/search/querylayerbytemplate?id=1&pageNum=1&pageSize=40,223,0,0
1598710619098,287,search_querylayerbytemplate,200,,GSV测试 1-1,text,true,,793459,173,1,1,http://localhost:8080/search/querylayerbytemplate?id=1&pageNum=1&pageSize=40,282,0,0
1598710619386,276,search_querylayerbytemplate,200,,GSV测试 1-1,text,true,,793459,173,1,1,http://localhost:8080/search/querylayerbytemplate?id=1&pageNum=1&pageSize=40,272,0,0
1598710619662,216,search_querylayerbytemplate,200,,GSV测试 1-1,text,true,,793459,173,1,1,http://localhost:8080/search/querylayerbytemplate?id=1&pageNum=1&pageSize=40,213,0,0
1598710619878,212,search_querylayerbytemplate,200,,GSV测试 1-1,text,true,,793459,173,1,1,http://localhost:8080/search/querylayerbytemplate?id=1&pageNum=1&pageSize=40,209,0,0
1598710620091,248,search_querylayerbytemplate,200,,GSV测试 1-1,text,true,,793459,173,1,1,http://localhost:8080/search/querylayerbytemplate?id=1&pageNum=1&pageSize=40,241,0,0
1598710620340,275,search_querylayerbytemplate,200,,GSV测试 1-1,text,true,,793459,173,1,1,http://localhost:8080/search/querylayerbytemplate?id=1&pageNum=1&pageSize=40,271,0,0
1598710620615,217,search_querylayerbytemplate,200,,GSV测试 1-1,text,true,,793459,173,1,1,http://localhost:8080/search/querylayerbytemplate?id=1&pageNum=1&pageSize=40,213,0,0
1598710620833,233,search_querylayerbytemplate,200,,GSV测试 1-1,text,true,,793459,173,1,1,http://localhost:8080/search/querylayerbytemplate?id=1&pageNum=1&pageSize=40,230,0,0
1598710621067,206,search_querylayerbytemplate,200,,GSV测试 1-1,text,true,,793459,173,1,1,http://localhost:8080/search/querylayerbytemplate?id=1&pageNum=1&pageSize=40,202,0,0
1598710621274,205,search_querylayerbytemplate,200,,GSV测试 1-1,text,true,,793459,173,1,1,http://localhost:8080/search/querylayerbytemplate?id=1&pageNum=1&pageSize=40,201,0,0
1598710621480,222,search_querylayerbytemplate,200,,GSV测试 1-1,text,true,,793459,173,1,1,http://localhost:8080/search/querylayerbytemplate?id=1&pageNum=1&pageSize=40,219,0,0
1598710621703,208,search_querylayerbytemplate,200,,GSV测试 1-1,text,true,,793459,173,1,1,http://localhost:8080/search/querylayerbytemplate?id=1&pageNum=1&pageSize=40,204,0,0
1598710621912,206,search_querylayerbytemplate,200,,GSV测试 1-1,text,true,,793459,173,1,1,http://localhost:8080/search/querylayerbytemplate?id=1&pageNum=1&pageSize=40,202,0,0
1598710622118,207,search_querylayerbytemplate,200,,GSV测试 1-1,text,true,,793459,173,1,1,http://localhost:8080/search/querylayerbytemplate?id=1&pageNum=1&pageSize=40,203,0,0
1598710622326,205,search_querylayerbytemplate,200,,GSV测试 1-1,text,true,,793459,173,1,1,http://localhost:8080/search/querylayerbytemplate?id=1&pageNum=1&pageSize=40,202,0,0
1598710622532,212,search_querylayerbytemplate,200,,GSV测试 1-1,text,true,,793459,173,1,1,http://localhost:8080/search/querylayerbytemplate?id=1&pageNum=1&pageSize=40,208,0,0
1598710622745,206,search_querylayerbytemplate,200,,GSV测试 1-1,text,true,,793459,173,1,1,http://localhost:8080/search/querylayerbytemplate?id=1&pageNum=1&pageSize=40,203,0,0
1598710622951,210,search_querylayerbytemplate,200,,GSV测试 1-1,text,true,,793459,173,1,1,http://localhost:8080/search/querylayerbytemplate?id=1&pageNum=1&pageSize=40,206,0,0
1598710623162,217,search_querylayerbytemplate,200,,GSV测试 1-1,text,true,,793459,173,1,1,http://localhost:8080/search/querylayerbytemplate?id=1&pageNum=1&pageSize=40,213,0,0
1598710623379,226,search_querylayerbytemplate,200,,GSV测试 1-1,text,true,,793459,173,1,1,http://localhost:8080/search/querylayerbytemplate?id=1&pageNum=1&pageSize=40,221,0,0
1598710623606,240,search_querylayerbytemplate,200,,GSV测试 1-1,text,true,,793459,173,1,1,http://localhost:8080/search/querylayerbytemplate?id=1&pageNum=1&pageSize=40,236,0,0
1598710623846,220,search_querylayerbytemplate,200,,GSV测试 1-1,text,true,,793459,173,1,1,http://localhost:8080/search/querylayerbytemplate?id=1&pageNum=1&pageSize=40,216,0,0
1598710624066,240,search_querylayerbytemplate,200,,GSV测试 1-1,text,true,,793459,173,1,1,http://localhost:8080/search/querylayerbytemplate?id=1&pageNum=1&pageSize=40,236,0,0
1598710624306,207,search_querylayerbytemplate,200,,GSV测试 1-1,text,true,,793459,173,1,1,http://localhost:8080/search/querylayerbytemplate?id=1&pageNum=1&pageSize=40,204,0,0
1598710624514,211,search_querylayerbytemplate,200,,GSV测试 1-1,text,true,,793459,173,1,1,http://localhost:8080/search/querylayerbytemplate?id=1&pageNum=1&pageSize=40,207,0,0
1598710624726,204,search_querylayerbytemplate,200,,GSV测试 1-1,text,true,,793459,173,1,1,http://localhost:8080/search/querylayerbytemplate?id=1&pageNum=1&pageSize=40,200,0,0
1598710624930,202,search_querylayerbytemplate,200,,GSV测试 1-1,text,true,,793459,173,1,1,http://localhost:8080/search/querylayerbytemplate?id=1&pageNum=1&pageSize=40,199,0,0
1598710625133,204,search_querylayerbytemplate,200,,GSV测试 1-1,text,true,,793459,173,1,1,http://localhost:8080/search/querylayerbytemplate?id=1&pageNum=1&pageSize=40,201,0,0
1598710625338,215,search_querylayerbytemplate,200,,GSV测试 1-1,text,true,,793459,173,1,1,http://localhost:8080/search/querylayerbytemplate?id=1&pageNum=1&pageSize=40,209,0,0
1598710625554,225,search_querylayerbytemplate,200,,GSV测试 1-1,text,true,,793459,173,1,1,http://localhost:8080/search/querylayerbytemplate?id=1&pageNum=1&pageSize=40,221,0,0
1598710625779,237,search_querylayerbytemplate,200,,GSV测试 1-1,text,true,,793459,173,1,1,http://localhost:8080/search/querylayerbytemplate?id=1&pageNum=1&pageSize=40,232,0,0
1598710626016,215,search_querylayerbytemplate,200,,GSV测试 1-1,text,true,,793459,173,1,1,http://localhost:8080/search/querylayerbytemplate?id=1&pageNum=1&pageSize=40,210,0,0
1598710626231,203,search_querylayerbytemplate,200,,GSV测试 1-1,text,true,,793459,173,1,1,http://localhost:8080/search/querylayerbytemplate?id=1&pageNum=1&pageSize=40,198,0,0
1598710626434,216,search_querylayerbytemplate,200,,GSV测试 1-1,text,true,,793459,173,1,1,http://localhost:8080/search/querylayerbytemplate?id=1&pageNum=1&pageSize=40,212,0,0
1598710626650,206,search_querylayerbytemplate,200,,GSV测试 1-1,text,true,,793459,173,1,1,http://localhost:8080/search/querylayerbytemplate?id=1&pageNum=1&pageSize=40,202,0,0
1598710626857,204,search_querylayerbytemplate,200,,GSV测试 1-1,text,true,,793459,173,1,1,http://localhost:8080/search/querylayerbytemplate?id=1&pageNum=1&pageSize=40,200,0,0
1598710627061,217,search_querylayerbytemplate,200,,GSV测试 1-1,text,true,,793459,173,1,1,http://localhost:8080/search/querylayerbytemplate?id=1&pageNum=1&pageSize=40,214,0,0
1598710627279,213,search_querylayerbytemplate,200,,GSV测试 1-1,text,true,,793459,173,1,1,http://localhost:8080/search/querylayerbytemplate?id=1&pageNum=1&pageSize=40,209,0,0
1598710627492,266,search_querylayerbytemplate,200,,GSV测试 1-1,text,true,,793459,173,1,1,http://localhost:8080/search/querylayerbytemplate?id=1&pageNum=1&pageSize=40,263,0,0
1598710627759,211,search_querylayerbytemplate,200,,GSV测试 1-1,text,true,,793459,173,1,1,http://localhost:8080/search/querylayerbytemplate?id=1&pageNum=1&pageSize=40,207,0,0
1598710627970,233,search_querylayerbytemplate,200,,GSV测试 1-1,text,true,,793459,173,1,1,http://localhost:8080/search/querylayerbytemplate?id=1&pageNum=1&pageSize=40,229,0,0
1598710628204,210,search_querylayerbytemplate,200,,GSV测试 1-1,text,true,,793459,173,1,1,http://localhost:8080/search/querylayerbytemplate?id=1&pageNum=1&pageSize=40,204,0,0
1598710628415,213,search_querylayerbytemplate,200,,GSV测试 1-1,text,true,,793459,173,1,1,http://localhost:8080/search/querylayerbytemplate?id=1&pageNum=1&pageSize=40,209,0,0
1598710628629,250,search_querylayerbytemplate,200,,GSV测试 1-1,text,true,,793459,173,1,1,http://localhost:8080/search/querylayerbytemplate?id=1&pageNum=1&pageSize=40,240,0,0
1598710628880,305,search_querylayerbytemplate,200,,GSV测试 1-1,text,true,,793459,173,1,1,http://localhost:8080/search/querylayerbytemplate?id=1&pageNum=1&pageSize=40,302,0,0
1598710629185,204,search_querylayerbytemplate,200,,GSV测试 1-1,text,true,,793459,173,1,1,http://localhost:8080/search/querylayerbytemplate?id=1&pageNum=1&pageSize=40,201,0,0
1598710629390,208,search_querylayerbytemplate,200,,GSV测试 1-1,text,true,,793459,173,1,1,http://localhost:8080/search/querylayerbytemplate?id=1&pageNum=1&pageSize=40,204,0,0
1598710629598,210,search_querylayerbytemplate,200,,GSV测试 1-1,text,true,,793459,173,1,1,http://localhost:8080/search/querylayerbytemplate?id=1&pageNum=1&pageSize=40,206,0,0
1598710629809,208,search_querylayerbytemplate,200,,GSV测试 1-1,text,true,,793459,173,1,1,http://localhost:8080/search/querylayerbytemplate?id=1&pageNum=1&pageSize=40,205,0,0
1598710630018,233,search_querylayerbytemplate,200,,GSV测试 1-1,text,true,,793459,173,1,1,http://localhost:8080/search/querylayerbytemplate?id=1&pageNum=1&pageSize=40,230,0,0
1598710630252,227,search_querylayerbytemplate,200,,GSV测试 1-1,text,true,,793459,173,1,1,http://localhost:8080/search/querylayerbytemplate?id=1&pageNum=1&pageSize=40,220,0,0
1598710630479,309,search_querylayerbytemplate,200,,GSV测试 1-1,text,true,,793459,173,1,1,http://localhost:8080/search/querylayerbytemplate?id=1&pageNum=1&pageSize=40,303,0,0
1598710630789,272,search_querylayerbytemplate,200,,GSV测试 1-1,text,true,,793459,173,1,1,http://localhost:8080/search/querylayerbytemplate?id=1&pageNum=1&pageSize=40,269,0,0
1598710631062,216,search_querylayerbytemplate,200,,GSV测试 1-1,text,true,,793459,173,1,1,http://localhost:8080/search/querylayerbytemplate?id=1&pageNum=1&pageSize=40,211,0,0
1598710631279,255,search_querylayerbytemplate,200,,GSV测试 1-1,text,true,,793459,173,1,1,http://localhost:8080/search/querylayerbytemplate?id=1&pageNum=1&pageSize=40,251,0,0
1598710631534,221,search_querylayerbytemplate,200,,GSV测试 1-1,text,true,,793459,173,1,1,http://localhost:8080/search/querylayerbytemplate?id=1&pageNum=1&pageSize=40,218,0,0
1598710631756,241,search_querylayerbytemplate,200,,GSV测试 1-1,text,true,,793459,173,1,1,http://localhost:8080/search/querylayerbytemplate?id=1&pageNum=1&pageSize=40,238,0,0
1598710631998,204,search_querylayerbytemplate,200,,GSV测试 1-1,text,true,,793459,173,1,1,http://localhost:8080/search/querylayerbytemplate?id=1&pageNum=1&pageSize=40,200,0,0
1598710632202,213,search_querylayerbytemplate,200,,GSV测试 1-1,text,true,,793459,173,1,1,http://localhost:8080/search/querylayerbytemplate?id=1&pageNum=1&pageSize=40,207,0,0
1598710632415,272,search_querylayerbytemplate,200,,GSV测试 1-1,text,true,,793459,173,1,1,http://localhost:8080/search/querylayerbytemplate?id=1&pageNum=1&pageSize=40,268,0,0
1598710632687,220,search_querylayerbytemplate,200,,GSV测试 1-1,text,true,,793459,173,1,1,http://localhost:8080/search/querylayerbytemplate?id=1&pageNum=1&pageSize=40,217,0,0
1598710632908,203,search_querylayerbytemplate,200,,GSV测试 1-1,text,true,,793459,173,1,1,http://localhost:8080/search/querylayerbytemplate?id=1&pageNum=1&pageSize=40,200,0,0
1598710633111,208,search_querylayerbytemplate,200,,GSV测试 1-1,text,true,,793459,173,1,1,http://localhost:8080/search/querylayerbytemplate?id=1&pageNum=1&pageSize=40,204,0,0
1598710633319,204,search_querylayerbytemplate,200,,GSV测试 1-1,text,true,,793459,173,1,1,http://localhost:8080/search/querylayerbytemplate?id=1&pageNum=1&pageSize=40,200,0,0
1598710633523,208,search_querylayerbytemplate,200,,GSV测试 1-1,text,true,,793459,173,1,1,http://localhost:8080/search/querylayerbytemplate?id=1&pageNum=1&pageSize=40,205,0,0
1598710633732,205,search_querylayerbytemplate,200,,GSV测试 1-1,text,true,,793459,173,1,1,http://localhost:8080/search/querylayerbytemplate?id=1&pageNum=1&pageSize=40,201,0,0
1598710633937,205,search_querylayerbytemplate,200,,GSV测试 1-1,text,true,,793459,173,1,1,http://localhost:8080/search/querylayerbytemplate?id=1&pageNum=1&pageSize=40,201,0,0
1598710634142,218,search_querylayerbytemplate,200,,GSV测试 1-1,text,true,,793459,173,1,1,http://localhost:8080/search/querylayerbytemplate?id=1&pageNum=1&pageSize=40,214,0,0
1598710634361,208,search_querylayerbytemplate,200,,GSV测试 1-1,text,true,,793459,173,1,1,http://localhost:8080/search/querylayerbytemplate?id=1&pageNum=1&pageSize=40,204,0,0
1598710634570,227,search_querylayerbytemplate,200,,GSV测试 1-1,text,true,,793459,173,1,1,http://localhost:8080/search/querylayerbytemplate?id=1&pageNum=1&pageSize=40,223,0,0
1598710634797,251,search_querylayerbytemplate,200,,GSV测试 1-1,text,true,,793459,173,1,1,http://localhost:8080/search/querylayerbytemplate?id=1&pageNum=1&pageSize=40,244,0,0
1598710635049,270,search_querylayerbytemplate,200,,GSV测试 1-1,text,true,,793459,173,1,1,http://localhost:8080/search/querylayerbytemplate?id=1&pageNum=1&pageSize=40,266,0,0
1598710635319,205,search_querylayerbytemplate,200,,GSV测试 1-1,text,true,,793459,173,1,1,http://localhost:8080/search/querylayerbytemplate?id=1&pageNum=1&pageSize=40,201,0,0
1598710635524,211,search_querylayerbytemplate,200,,GSV测试 1-1,text,true,,793459,173,1,1,http://localhost:8080/search/querylayerbytemplate?id=1&pageNum=1&pageSize=40,207,0,0
1598710635735,249,search_querylayerbytemplate,200,,GSV测试 1-1,text,true,,793459,173,1,1,http://localhost:8080/search/querylayerbytemplate?id=1&pageNum=1&pageSize=40,245,0,0
1598710635985,234,search_querylayerbytemplate,200,,GSV测试 1-1,text,true,,793459,173,1,1,http://localhost:8080/search/querylayerbytemplate?id=1&pageNum=1&pageSize=40,230,0,0
1598710636219,206,search_querylayerbytemplate,200,,GSV测试 1-1,text,true,,793459,173,1,1,http://localhost:8080/search/querylayerbytemplate?id=1&pageNum=1&pageSize=40,203,0,0
1598710636426,238,search_querylayerbytemplate,200,,GSV测试 1-1,text,true,,793459,173,1,1,http://localhost:8080/search/querylayerbytemplate?id=1&pageNum=1&pageSize=40,234,0,0
1598710636664,203,search_querylayerbytemplate,200,,GSV测试 1-1,text,true,,793459,173,1,1,http://localhost:8080/search/querylayerbytemplate?id=1&pageNum=1&pageSize=40,200,0,0
1598710636868,301,search_querylayerbytemplate,200,,GSV测试 1-1,text,true,,793459,173,1,1,http://localhost:8080/search/querylayerbytemplate?id=1&pageNum=1&pageSize=40,272,0,0
1598710637169,274,search_querylayerbytemplate,200,,GSV测试 1-1,text,true,,793459,173,1,1,http://localhost:8080/search/querylayerbytemplate?id=1&pageNum=1&pageSize=40,270,0,0
1598710637443,269,search_querylayerbytemplate,200,,GSV测试 1-1,text,true,,793459,173,1,1,http://localhost:8080/search/querylayerbytemplate?id=1&pageNum=1&pageSize=40,265,0,0
1598710637713,204,search_querylayerbytemplate,200,,GSV测试 1-1,text,true,,793459,173,1,1,http://localhost:8080/search/querylayerbytemplate?id=1&pageNum=1&pageSize=40,200,0,0
1598710637917,225,search_querylayerbytemplate,200,,GSV测试 1-1,text,true,,793459,173,1,1,http://localhost:8080/search/querylayerbytemplate?id=1&pageNum=1&pageSize=40,220,0,0
1598710638143,240,search_querylayerbytemplate,200,,GSV测试 1-1,text,true,,793459,173,1,1,http://localhost:8080/search/querylayerbytemplate?id=1&pageNum=1&pageSize=40,237,0,0
1598710638384,218,search_querylayerbytemplate,200,,GSV测试 1-1,text,true,,793459,173,1,1,http://localhost:8080/search/querylayerbytemplate?id=1&pageNum=1&pageSize=40,214,0,0
1598710638602,207,search_querylayerbytemplate,200,,GSV测试 1-1,text,true,,793459,173,1,1,http://localhost:8080/search/querylayerbytemplate?id=1&pageNum=1&pageSize=40,203,0,0
1598710638810,206,search_querylayerbytemplate,200,,GSV测试 1-1,text,true,,793459,173,1,1,http://localhost:8080/search/querylayerbytemplate?id=1&pageNum=1&pageSize=40,202,0,0
1598710639017,205,search_querylayerbytemplate,200,,GSV测试 1-1,text,true,,793459,173,1,1,http://localhost:8080/search/querylayerbytemplate?id=1&pageNum=1&pageSize=40,201,0,0
1598710639223,268,search_querylayerbytemplate,200,,GSV测试 1-1,text,true,,793459,173,1,1,http://localhost:8080/search/querylayerbytemplate?id=1&pageNum=1&pageSize=40,264,0,0
1598710639491,222,search_querylayerbytemplate,200,,GSV测试 1-1,text,true,,793459,173,1,1,http://localhost:8080/search/querylayerbytemplate?id=1&pageNum=1&pageSize=40,216,0,0
1598710639714,271,search_querylayerbytemplate,200,,GSV测试 1-1,text,true,,793478,173,1,1,http://localhost:8080/search/querylayerbytemplate?id=1&pageNum=1&pageSize=40,267,0,0
